true_pos,obs_pos,true_var
142,128,20
142,128,20
142,128,20
142,128,20
142,128,20
142,128,20
142,128,20
142,128,20
142,128,20
142,128,20
142,128,20
142,128,20
142,128,20
142,128,20
142,128,20
142,128,20
142,128,20
142,128,20
142,128,20
142,128,20
142,128,20
142,128,20
142,128,20
142,128,20
142,128,20
142,128,20
142,128,20
142,128,20
142,128,20
142,128,20
142,128,20
142,128,20
142,128,20
142,128,20
142,128,20
142,128,20
142,164,20
142,164,20
142,164,20
142,164,20
142,164,20
142,164,20
142,164,20
142,164,20
142,164,20
142,176,20
142,176,20
142,176,20
142,176,20
142,176,20
142,176,20
142,176,20
142,176,20
142,152,20
142,152,20
142,152,20
142,152,20
142,152,20
142,152,20
142,152,20
142,152,20
142,152,20
142,152,20
142,152,20
142,152,20
142,152,20
142,152,20
142,152,20
142,152,20
142,152,20
142,152,20
142,152,20
142,152,20
142,152,20
142,152,20
142,145,20
142,145,20
142,145,20
142,145,20
142,145,20
142,145,20
142,145,20
142,145,20
142,145,20
142,145,20
142,145,20
142,145,20
142,145,20
142,145,20
142,145,20
142,145,20
142,145,20
142,145,20
142,145,20
142,145,20
142,145,20
142,145,20
142,153,20
142,153,20
142,153,20
142,153,20
142,153,20
142,153,20
142,153,20
142,153,20
142,153,20
142,153,20
142,124,20
142,124,20
142,124,20
142,124,20
142,124,20
142,124,20
142,124,20
142,124,20
142,124,20
142,124,20
142,124,20
142,124,20
142,124,20
142,124,20
142,124,20
142,124,20
142,124,20
142,169,20
142,169,20
142,169,20
142,169,20
142,169,20
142,169,20
142,169,20
142,169,20
142,169,20
142,169,20
142,126,20
142,126,20
142,126,20
142,126,20
142,126,20
142,126,20
142,126,20
142,126,20
142,126,20
142,126,20
142,126,20
142,126,20
142,126,20
142,133,20
142,133,20
142,133,20
142,133,20
142,133,20
142,133,20
142,133,20
142,133,20
142,133,20
142,133,20
142,133,20
142,133,20
142,133,20
142,133,20
142,133,20
142,133,20
142,133,20
142,152,20
142,152,20
142,152,20
142,152,20
142,152,20
142,152,20
142,152,20
142,152,20
142,152,20
142,152,20
142,152,20
142,152,20
142,152,20
142,152,20
142,152,20
142,152,20
142,152,20
142,152,20
142,152,20
142,152,20
142,152,20
142,156,20
142,156,20
142,156,20
142,156,20
142,156,20
142,156,20
142,156,20
142,156,20
142,156,20
142,156,20
142,156,20
142,156,20
142,156,20
142,156,20
142,156,20
142,156,20
142,156,20
142,156,20
142,156,20
142,146,20
142,146,20
142,146,20
142,146,20
142,146,20
142,146,20
142,146,20
142,146,20
142,146,20
142,146,20
142,146,20
142,146,20
142,146,20
142,146,20
142,146,20
142,146,20
142,146,20
142,146,20
142,146,20
142,146,20
142,146,20
142,146,20
142,146,20
142,146,20
142,146,20
142,146,20
142,146,20
142,146,20
142,146,20
142,146,20
142,146,20
142,146,20
142,146,20
142,146,20
142,132,20
142,132,20
142,132,20
142,132,20
142,132,20
142,132,20
142,132,20
142,132,20
142,132,20
142,132,20
142,132,20
142,132,20
142,132,20
142,132,20
142,132,20
142,132,20
142,132,20
142,132,20
142,132,20
142,132,20
142,132,20
142,132,20
142,132,20
142,132,20
142,132,20
142,132,20
142,132,20
142,132,20
142,132,20
142,132,20
142,149,20
142,149,20
142,149,20
142,149,20
142,149,20
142,149,20
142,149,20
142,149,20
142,149,20
142,149,20
142,149,20
142,149,20
142,149,20
142,149,20
142,149,20
142,149,20
142,149,20
102,90,20
102,90,20
102,90,20
102,90,20
102,90,20
102,90,20
102,90,20
102,90,20
102,90,20
102,92,20
102,92,20
102,92,20
102,92,20
102,92,20
102,92,20
102,92,20
102,92,20
102,92,20
102,92,20
102,92,20
102,92,20
102,92,20
102,92,20
102,92,20
102,92,20
102,92,20
102,92,20
102,92,20
102,92,20
102,92,20
102,92,20
102,92,20
102,92,20
102,92,20
102,92,20
102,92,20
102,92,20
102,92,20
102,92,20
102,92,20
102,92,20
102,92,20
102,92,20
102,92,20
102,92,20
102,92,20
102,92,20
102,92,20
102,92,20
102,92,20
102,92,20
102,92,20
102,92,20
102,92,20
102,92,20
102,92,20
102,67,20
102,67,20
102,67,20
102,67,20
102,67,20
102,67,20
102,67,20
102,89,20
102,89,20
102,89,20
102,89,20
102,89,20
102,89,20
102,89,20
102,89,20
102,89,20
102,89,20
102,89,20
102,89,20
102,89,20
102,89,20
102,89,20
102,89,20
102,89,20
102,89,20
102,89,20
102,89,20
102,89,20
102,89,20
102,89,20
102,89,20
102,89,20
102,89,20
102,89,20
102,89,20
102,89,20
102,89,20
102,89,20
102,89,20
102,89,20
102,89,20
102,89,20
102,89,20
102,89,20
102,89,20
102,89,20
102,89,20
102,89,20
102,89,20
102,89,20
102,89,20
102,89,20
102,89,20
102,89,20
102,89,20
102,89,20
102,89,20
102,89,20
102,89,20
102,89,20
102,89,20
102,155,20
102,155,20
102,155,20
102,155,20
102,155,20
102,155,20
102,155,20
102,155,20
102,155,20
102,155,20
102,155,20
102,155,20
102,155,20
102,155,20
102,155,20
102,155,20
102,155,20
102,155,20
102,155,20
102,155,20
102,155,20
102,114,20
102,114,20
102,114,20
102,114,20
102,114,20
102,114,20
102,114,20
102,114,20
102,114,20
102,114,20
102,114,20
102,114,20
102,141,20
102,141,20
102,141,20
102,141,20
102,141,20
102,141,20
102,141,20
102,141,20
102,141,20
102,141,20
102,141,20
102,141,20
102,141,20
102,141,20
102,141,20
102,141,20
102,141,20
102,141,20
102,141,20
102,141,20
102,141,20
102,141,20
102,107,20
102,107,20
102,107,20
102,107,20
102,107,20
102,107,20
102,107,20
102,107,20
102,107,20
102,107,20
102,107,20
102,107,20
102,107,20
102,107,20
102,107,20
102,93,20
102,93,20
102,93,20
102,93,20
102,93,20
102,93,20
102,93,20
102,93,20
102,93,20
102,93,20
102,93,20
102,93,20
102,93,20
102,93,20
102,93,20
102,127,20
102,127,20
102,127,20
102,127,20
102,127,20
102,127,20
102,127,20
102,127,20
102,127,20
102,127,20
102,127,20
102,127,20
102,127,20
102,127,20
102,127,20
102,127,20
102,127,20
102,127,20
102,127,20
102,127,20
102,127,20
102,127,20
102,127,20
102,127,20
102,127,20
102,127,20
102,127,20
102,127,20
102,127,20
102,127,20
102,127,20
102,127,20
102,127,20
102,127,20
102,127,20
102,127,20
102,127,20
102,127,20
102,77,20
102,77,20
102,77,20
102,77,20
102,77,20
102,77,20
102,77,20
102,77,20
102,77,20
102,77,20
102,77,20
102,77,20
102,77,20
102,77,20
102,77,20
102,77,20
102,77,20
102,77,20
102,77,20
102,77,20
102,77,20
102,77,20
102,77,20
102,130,20
102,130,20
102,130,20
102,130,20
102,130,20
102,130,20
132,92,20
132,92,20
132,92,20
132,92,20
132,92,20
132,92,20
132,92,20
132,92,20
132,92,20
132,92,20
132,92,20
132,123,20
132,123,20
132,123,20
132,123,20
132,123,20
132,123,20
132,138,20
132,138,20
132,138,20
132,138,20
132,138,20
132,138,20
132,138,20
132,138,20
132,138,20
132,138,20
132,138,20
132,138,20
132,138,20
132,138,20
132,138,20
132,138,20
132,120,20
132,120,20
132,120,20
132,120,20
132,120,20
132,120,20
132,120,20
132,120,20
132,120,20
132,120,20
132,120,20
132,120,20
132,120,20
132,120,20
132,120,20
132,120,20
132,120,20
132,120,20
132,120,20
132,120,20
132,120,20
132,120,20
132,120,20
132,96,20
132,96,20
132,96,20
132,96,20
132,96,20
132,96,20
132,96,20
132,96,20
132,96,20
132,96,20
132,96,20
132,96,20
132,96,20
132,96,20
132,96,20
132,96,20
132,96,20
132,96,20
132,96,20
132,148,20
132,148,20
132,148,20
132,148,20
132,148,20
132,148,20
132,148,20
132,148,20
132,148,20
132,148,20
132,148,20
132,148,20
132,148,20
132,131,20
132,131,20
132,131,20
132,131,20
132,131,20
132,131,20
132,131,20
132,131,20
132,131,20
132,131,20
132,116,20
132,116,20
132,116,20
132,116,20
132,116,20
132,116,20
132,116,20
132,116,20
132,116,20
132,116,20
132,116,20
132,116,20
132,116,20
132,116,20
132,116,20
132,116,20
132,116,20
132,116,20
132,116,20
132,116,20
132,116,20
132,116,20
132,116,20
132,116,20
132,121,20
132,121,20
132,121,20
132,121,20
132,121,20
132,121,20
132,121,20
132,121,20
132,121,20
132,121,20
132,121,20
132,121,20
132,121,20
132,121,20
132,149,20
132,149,20
132,149,20
132,149,20
132,149,20
132,149,20
132,149,20
132,149,20
132,157,20
132,157,20
132,157,20
132,157,20
132,157,20
132,157,20
172,179,20
172,179,20
172,179,20
172,179,20
172,179,20
172,179,20
172,179,20
172,179,20
172,179,20
172,179,20
172,179,20
172,179,20
172,179,20
172,179,20
172,179,20
172,179,20
172,179,20
172,179,20
172,179,20
172,179,20
172,179,20
172,179,20
172,179,20
172,179,20
172,179,20
172,179,20
172,179,20
172,179,20
172,179,20
172,179,20
172,179,20
172,179,20
172,179,20
172,179,20
172,179,20
172,179,20
172,179,20
172,162,20
172,162,20
172,162,20
172,162,20
172,162,20
172,162,20
172,162,20
172,162,20
172,162,20
172,162,20
172,162,20
172,162,20
172,162,20
172,162,20
172,162,20
172,162,20
172,162,20
172,162,20
172,162,20
172,162,20
172,162,20
172,162,20
172,162,20
172,162,20
172,162,20
172,162,20
172,162,20
172,162,20
172,162,20
172,162,20
172,162,20
172,162,20
172,162,20
172,162,20
172,162,20
172,162,20
172,162,20
172,162,20
172,162,20
172,162,20
172,162,20
172,162,20
172,162,20
172,153,20
172,153,20
172,153,20
172,153,20
172,153,20
172,153,20
172,153,20
172,153,20
172,153,20
172,153,20
172,153,20
172,153,20
172,153,20
172,186,20
172,186,20
172,186,20
172,186,20
172,186,20
172,186,20
172,186,20
172,186,20
172,186,20
172,186,20
172,186,20
172,186,20
172,186,20
172,186,20
172,186,20
172,186,20
172,186,20
172,152,20
172,152,20
172,152,20
172,152,20
172,152,20
172,152,20
172,152,20
172,152,20
172,152,20
172,152,20
172,152,20
172,152,20
172,109,20
172,109,20
172,109,20
172,109,20
172,109,20
172,109,20
172,198,20
172,198,20
172,198,20
172,198,20
172,198,20
172,198,20
172,198,20
172,198,20
172,198,20
172,198,20
172,198,20
172,198,20
172,198,20
172,198,20
172,198,20
172,198,20
172,198,20
172,198,20
172,198,20
172,198,20
172,198,20
212,198,20
212,198,20
212,198,20
212,198,20
212,198,20
212,198,20
212,198,20
212,198,20
212,198,20
212,198,20
212,198,20
212,198,20
212,198,20
212,212,20
212,212,20
212,212,20
212,212,20
212,212,20
212,212,20
212,212,20
212,212,20
212,212,20
212,212,20
212,208,20
212,208,20
212,208,20
212,208,20
212,208,20
212,208,20
212,208,20
212,208,20
212,208,20
212,208,20
212,208,20
212,208,20
212,208,20
212,208,20
212,208,20
212,208,20
212,208,20
212,208,20
212,208,20
212,208,20
212,208,20
212,208,20
212,208,20
212,208,20
212,208,20
212,208,20
212,208,20
212,208,20
212,208,20
212,208,20
212,208,20
212,208,20
212,208,20
212,208,20
212,208,20
212,208,20
212,208,20
212,208,20
212,208,20
212,208,20
212,208,20
212,208,20
212,208,20
212,208,20
212,208,20
212,208,20
212,208,20
212,208,20
212,208,20
212,208,20
212,208,20
212,208,20
212,208,20
212,208,20
212,208,20
212,208,20
212,208,20
212,208,20
212,208,20
212,208,20
212,208,20
212,187,20
212,187,20
212,187,20
212,187,20
212,187,20
212,187,20
212,187,20
212,230,20
212,230,20
212,230,20
212,230,20
212,230,20
212,230,20
212,230,20
212,230,20
212,230,20
212,230,20
212,230,20
212,230,20
212,230,20
212,230,20
212,230,20
212,230,20
212,230,20
212,230,20
212,230,20
212,230,20
212,230,20
212,230,20
212,230,20
212,230,20
212,230,20
212,230,20
212,223,20
212,223,20
212,223,20
212,223,20
212,223,20
212,223,20
212,223,20
212,223,20
212,223,20
212,223,20
212,223,20
212,223,20
212,223,20
212,223,20
212,223,20
212,223,20
212,223,20
212,223,20
212,223,20
212,223,20
212,185,20
212,185,20
212,185,20
212,185,20
212,185,20
212,185,20
212,185,20
212,185,20
212,185,20
212,185,20
212,185,20
212,185,20
212,185,20
212,185,20
212,185,20
212,185,20
212,185,20
212,185,20
212,185,20
212,185,20
212,185,20
212,185,20
212,185,20
212,185,20
212,185,20
212,185,20
212,185,20
212,205,20
212,205,20
212,205,20
212,205,20
212,205,20
212,205,20
212,205,20
212,205,20
212,205,20
212,203,20
212,203,20
212,203,20
212,203,20
212,203,20
212,203,20
212,203,20
212,203,20
212,203,20
212,203,20
212,203,20
212,203,20
212,203,20
212,203,20
212,193,20
212,193,20
212,193,20
212,193,20
212,193,20
212,193,20
212,193,20
212,193,20
212,193,20
212,193,20
212,193,20
212,193,20
212,193,20
212,193,20
212,193,20
212,193,20
212,193,20
212,193,20
212,193,20
212,193,20
212,193,20
212,243,20
212,243,20
212,243,20
212,243,20
212,243,20
212,243,20
212,243,20
212,243,20
212,243,20
212,243,20
212,243,20
212,243,20
212,243,20
212,243,20
212,243,20
212,205,20
212,205,20
212,205,20
212,205,20
212,205,20
212,205,20
212,205,20
212,205,20
212,205,20
212,205,20
212,205,20
212,205,20
212,205,20
212,205,20
212,205,20
212,205,20
212,205,20
212,205,20
212,205,20
212,230,20
212,230,20
212,230,20
212,230,20
212,230,20
212,230,20
212,230,20
212,230,20
212,230,20
212,230,20
212,230,20
212,230,20
212,230,20
212,230,20
212,230,20
212,230,20
212,230,20
212,230,20
212,230,20
212,230,20
212,230,20
212,230,20
212,230,20
212,230,20
212,230,20
212,230,20
212,230,20
212,230,20
212,230,20
212,230,20
212,230,20
212,230,20
212,199,20
212,199,20
212,199,20
212,199,20
212,199,20
212,199,20
212,199,20
212,199,20
212,199,20
212,199,20
212,199,20
212,199,20
212,199,20
212,199,20
212,199,20
212,199,20
212,199,20
212,199,20
212,199,20
212,199,20
212,199,20
212,199,20
212,199,20
212,199,20
212,199,20
212,199,20
212,199,20
212,199,20
212,199,20
212,199,20
212,199,20
212,199,20
212,199,20
212,199,20
212,199,20
212,199,20
212,220,20
212,220,20
212,220,20
212,220,20
212,220,20
212,220,20
212,220,20
252,243,20
252,243,20
252,243,20
252,243,20
252,243,20
252,243,20
252,243,20
252,243,20
252,243,20
252,243,20
252,243,20
252,243,20
252,243,20
252,243,20
252,243,20
252,276,20
252,276,20
252,276,20
252,276,20
252,276,20
252,276,20
252,276,20
252,276,20
252,276,20
252,250,20
252,250,20
252,250,20
252,250,20
252,250,20
252,250,20
252,250,20
252,250,20
252,250,20
252,250,20
252,250,20
252,250,20
252,250,20
252,250,20
252,250,20
252,250,20
252,250,20
252,250,20
252,250,20
252,250,20
252,250,20
252,250,20
252,250,20
252,250,20
252,250,20
252,250,20
252,250,20
252,250,20
252,250,20
252,250,20
252,250,20
252,250,20
252,250,20
252,250,20
252,250,20
252,250,20
252,250,20
252,250,20
252,250,20
252,250,20
252,246,20
252,246,20
252,246,20
252,246,20
252,246,20
252,246,20
252,246,20
252,246,20
252,246,20
252,246,20
252,246,20
252,246,20
252,246,20
252,246,20
252,246,20
252,246,20
252,246,20
252,246,20
252,246,20
252,246,20
252,246,20
252,240,20
252,240,20
252,240,20
252,240,20
252,240,20
252,240,20
252,214,20
252,214,20
252,214,20
252,214,20
252,214,20
252,214,20
252,214,20
252,214,20
252,214,20
252,214,20
252,312,20
252,312,20
252,312,20
252,312,20
252,312,20
252,312,20
252,312,20
252,312,20
252,312,20
252,312,20
252,312,20
252,312,20
252,312,20
252,312,20
252,312,20
252,312,20
252,312,20
252,312,20
252,312,20
252,312,20
252,312,20
252,312,20
252,312,20
252,268,20
252,268,20
252,268,20
252,268,20
252,268,20
252,268,20
252,268,20
252,268,20
252,268,20
252,268,20
252,268,20
252,268,20
252,268,20
252,268,20
252,268,20
252,268,20
252,268,20
252,268,20
252,268,20
252,268,20
252,268,20
252,268,20
252,268,20
252,268,20
252,268,20
252,268,20
252,268,20
252,268,20
252,268,20
252,268,20
252,268,20
252,268,20
252,268,20
252,268,20
252,268,20
252,268,20
252,268,20
252,268,20
252,268,20
252,268,20
252,268,20
252,268,20
252,268,20
252,268,20
252,268,20
252,268,20
252,268,20
252,268,20
252,268,20
252,268,20
252,268,20
252,268,20
252,268,20
252,268,20
252,268,20
252,268,20
252,268,20
252,281,20
252,281,20
252,281,20
252,281,20
252,281,20
252,281,20
252,281,20
252,281,20
252,281,20
252,281,20
252,281,20
252,261,20
252,261,20
252,261,20
252,261,20
252,261,20
252,261,20
252,287,20
252,287,20
252,287,20
252,287,20
252,287,20
252,287,20
252,287,20
252,287,20
252,287,20
252,287,20
252,287,20
252,287,20
252,238,20
252,238,20
252,238,20
252,238,20
252,238,20
252,238,20
252,238,20
252,238,20
252,238,20
252,238,20
252,238,20
252,238,20
252,238,20
252,238,20
252,238,20
252,238,20
252,238,20
252,238,20
252,238,20
252,238,20
252,238,20
252,238,20
252,238,20
252,238,20
252,238,20
252,238,20
252,238,20
252,238,20
252,238,20
252,238,20
252,238,20
252,238,20
252,238,20
252,238,20
252,238,20
252,238,20
252,238,20
252,238,20
252,238,20
252,238,20
252,238,20
252,238,20
252,238,20
252,238,20
252,238,20
252,238,20
252,238,20
252,238,20
252,238,20
252,238,20
252,238,20
252,238,20
252,238,20
252,238,20
252,238,20
252,242,20
252,242,20
252,242,20
252,242,20
252,242,20
252,242,20
252,278,20
252,278,20
252,278,20
252,278,20
252,278,20
252,278,20
252,278,20
252,278,20
252,278,20
252,278,20
252,278,20
252,278,20
252,278,20
252,278,20
252,278,20
252,278,20
252,278,20
252,278,20
252,278,20
252,252,20
252,252,20
252,252,20
252,252,20
252,252,20
252,252,20
252,252,20
252,252,20
252,252,20
252,252,20
252,252,20
252,252,20
252,261,20
252,261,20
252,261,20
252,261,20
252,261,20
252,261,20
252,261,20
252,261,20
252,261,20
252,261,20
252,261,20
252,261,20
252,261,20
252,261,20
252,219,20
252,219,20
252,219,20
252,219,20
252,219,20
252,219,20
252,248,20
252,248,20
252,248,20
252,248,20
252,248,20
252,248,20
252,248,20
252,248,20
252,248,20
252,248,20
252,248,20
252,248,20
252,248,20
252,248,20
252,248,20
252,248,20
252,248,20
252,248,20
252,248,20
252,248,20
252,248,20
252,248,20
252,248,20
232,220,20
232,220,20
232,220,20
232,220,20
232,220,20
232,220,20
232,220,20
232,220,20
232,220,20
232,220,20
232,220,20
232,220,20
232,220,20
232,220,20
232,220,20
232,199,20
232,199,20
232,199,20
232,199,20
232,199,20
232,199,20
232,199,20
232,199,20
232,199,20
232,199,20
232,199,20
232,199,20
232,199,20
232,199,20
232,199,20
232,199,20
232,199,20
232,199,20
232,199,20
232,199,20
232,199,20
232,199,20
232,199,20
232,199,20
232,199,20
232,199,20
232,199,20
232,199,20
232,199,20
232,199,20
232,199,20
232,199,20
232,247,20
232,247,20
232,247,20
232,247,20
232,247,20
232,247,20
232,247,20
232,247,20
232,247,20
232,247,20
232,247,20
232,247,20
232,247,20
232,247,20
232,247,20
232,247,20
232,247,20
232,247,20
232,247,20
232,247,20
232,239,20
232,239,20
232,239,20
232,239,20
232,239,20
232,239,20
232,239,20
232,239,20
232,239,20
232,239,20
232,239,20
232,239,20
232,239,20
232,239,20
232,239,20
232,239,20
232,239,20
232,239,20
232,239,20
232,239,20
232,239,20
232,239,20
232,239,20
232,239,20
232,239,20
232,239,20
232,239,20
232,239,20
232,239,20
232,239,20
232,239,20
232,239,20
232,239,20
232,239,20
232,239,20
232,239,20
232,239,20
232,239,20
232,239,20
232,239,20
232,239,20
232,239,20
232,239,20
232,203,20
232,203,20
232,203,20
232,203,20
232,203,20
232,203,20
232,203,20
232,203,20
232,203,20
232,203,20
232,203,20
232,203,20
232,203,20
232,203,20
232,203,20
232,203,20
232,203,20
232,203,20
232,203,20
232,203,20
232,203,20
232,203,20
232,203,20
232,203,20
232,203,20
232,203,20
232,203,20
232,203,20
232,203,20
232,203,20
232,203,20
232,203,20
232,203,20
232,203,20
232,203,20
232,203,20
232,203,20
232,213,20
232,213,20
232,213,20
232,213,20
232,213,20
232,213,20
232,213,20
232,213,20
232,213,20
232,213,20
232,213,20
232,213,20
232,213,20
232,213,20
232,213,20
232,213,20
232,213,20
232,213,20
232,213,20
232,213,20
232,213,20
232,213,20
232,213,20
232,213,20
232,213,20
232,213,20
232,213,20
232,213,20
232,213,20
232,213,20
232,213,20
232,230,20
232,230,20
232,230,20
232,230,20
232,230,20
232,230,20
232,229,20
232,229,20
232,229,20
232,229,20
232,229,20
232,229,20
232,229,20
232,229,20
232,229,20
232,229,20
232,229,20
232,229,20
232,237,20
232,237,20
232,237,20
232,237,20
232,237,20
232,237,20
232,237,20
232,237,20
232,237,20
232,237,20
232,237,20
232,237,20
232,237,20
232,237,20
232,237,20
232,237,20
232,237,20
232,237,20
232,237,20
232,237,20
232,237,20
232,240,20
232,240,20
232,240,20
232,240,20
232,240,20
232,240,20
232,240,20
232,240,20
232,240,20
232,240,20
232,240,20
232,240,20
232,240,20
232,240,20
232,240,20
232,240,20
232,240,20
232,240,20
232,240,20
232,240,20
232,240,20
232,240,20
232,240,20
232,240,20
232,240,20
232,204,20
232,204,20
232,204,20
232,204,20
232,204,20
232,204,20
232,204,20
232,204,20
232,204,20
252,246,20
252,246,20
252,246,20
252,246,20
252,246,20
252,246,20
252,246,20
252,246,20
252,246,20
252,246,20
252,246,20
252,246,20
252,246,20
252,246,20
252,246,20
252,246,20
252,246,20
252,246,20
252,246,20
252,246,20
252,246,20
252,246,20
252,246,20
252,246,20
252,246,20
252,246,20
252,246,20
252,246,20
252,246,20
252,246,20
252,246,20
252,246,20
252,248,20
252,248,20
252,248,20
252,248,20
252,248,20
252,248,20
252,248,20
252,248,20
252,248,20
252,248,20
252,248,20
252,248,20
252,248,20
252,248,20
252,248,20
252,248,20
252,248,20
252,248,20
252,248,20
252,248,20
252,248,20
252,248,20
252,254,20
252,254,20
252,254,20
252,254,20
252,254,20
252,254,20
252,254,20
252,268,20
252,268,20
252,268,20
252,268,20
252,268,20
252,268,20
252,268,20
252,268,20
252,249,20
252,249,20
252,249,20
252,249,20
252,249,20
252,249,20
252,249,20
252,249,20
252,249,20
252,249,20
252,249,20
252,249,20
252,249,20
252,249,20
252,249,20
252,249,20
252,249,20
252,249,20
252,249,20
252,249,20
252,249,20
252,249,20
252,249,20
252,249,20
252,249,20
252,249,20
252,249,20
252,249,20
252,249,20
252,249,20
252,249,20
252,249,20
252,249,20
252,249,20
252,249,20
252,249,20
252,249,20
252,217,20
252,217,20
252,217,20
252,217,20
252,217,20
252,217,20
252,217,20
252,217,20
252,217,20
252,217,20
252,217,20
252,217,20
252,217,20
252,217,20
252,217,20
252,217,20
252,217,20
252,217,20
252,217,20
252,217,20
252,217,20
252,217,20
252,261,20
252,261,20
252,261,20
252,261,20
252,261,20
252,261,20
252,261,20
252,261,20
252,261,20
252,261,20
252,261,20
252,261,20
252,261,20
252,261,20
252,261,20
252,261,20
252,261,20
252,261,20
252,261,20
252,261,20
252,261,20
252,261,20
252,261,20
252,261,20
252,261,20
252,261,20
252,261,20
252,247,20
252,247,20
252,247,20
252,247,20
252,247,20
252,247,20
252,247,20
252,247,20
252,247,20
252,247,20
252,247,20
252,247,20
252,247,20
252,247,20
252,247,20
252,247,20
252,247,20
252,247,20
252,247,20
252,247,20
252,247,20
252,247,20
252,276,20
252,276,20
252,276,20
252,276,20
252,276,20
252,276,20
292,286,20
292,286,20
292,286,20
292,286,20
292,286,20
292,286,20
292,286,20
292,286,20
292,286,20
292,286,20
292,286,20
292,286,20
292,286,20
292,286,20
292,286,20
292,286,20
292,268,20
292,268,20
292,268,20
292,268,20
292,268,20
292,268,20
292,268,20
292,268,20
292,268,20
292,268,20
292,268,20
292,268,20
292,268,20
292,268,20
292,268,20
292,268,20
292,268,20
292,268,20
292,268,20
292,268,20
292,268,20
292,268,20
292,268,20
292,268,20
292,268,20
292,268,20
292,268,20
292,268,20
292,268,20
292,268,20
292,268,20
292,268,20
292,268,20
292,268,20
292,268,20
292,268,20
292,268,20
292,268,20
292,268,20
292,268,20
292,268,20
292,268,20
292,275,20
292,275,20
292,275,20
292,275,20
292,275,20
292,275,20
292,275,20
292,275,20
292,275,20
292,275,20
292,275,20
292,275,20
292,275,20
292,275,20
292,275,20
292,275,20
292,275,20
292,275,20
292,275,20
292,275,20
292,275,20
292,275,20
292,275,20
292,275,20
292,275,20
292,275,20
292,275,20
292,275,20
292,275,20
292,275,20
292,275,20
292,275,20
292,275,20
292,275,20
292,275,20
292,275,20
292,275,20
292,275,20
292,306,20
292,306,20
292,306,20
292,306,20
292,306,20
292,306,20
292,306,20
292,306,20
292,306,20
292,306,20
292,298,20
292,298,20
292,298,20
292,298,20
292,298,20
292,298,20
292,298,20
292,298,20
292,298,20
292,298,20
292,298,20
292,298,20
292,298,20
292,298,20
292,298,20
292,298,20
292,298,20
292,298,20
292,298,20
292,298,20
292,298,20
292,298,20
292,298,20
292,292,20
292,292,20
292,292,20
292,292,20
292,292,20
292,292,20
292,292,20
292,312,20
292,312,20
292,312,20
292,312,20
292,312,20
292,312,20
292,312,20
292,312,20
292,312,20
292,312,20
292,312,20
292,312,20
292,312,20
292,312,20
292,312,20
292,312,20
292,312,20
292,312,20
292,312,20
292,312,20
292,312,20
292,312,20
292,312,20
312,340,20
312,340,20
312,340,20
312,340,20
312,340,20
312,340,20
312,340,20
312,340,20
312,340,20
312,340,20
312,340,20
312,340,20
312,340,20
312,340,20
312,340,20
312,340,20
312,340,20
312,340,20
312,340,20
312,340,20
312,340,20
312,340,20
312,340,20
312,340,20
312,340,20
312,340,20
312,340,20
312,340,20
312,340,20
312,340,20
312,340,20
312,340,20
312,340,20
312,340,20
312,340,20
312,340,20
312,340,20
312,340,20
312,340,20
312,340,20
312,340,20
312,340,20
312,340,20
312,340,20
312,340,20
312,340,20
312,340,20
312,340,20
312,340,20
312,340,20
312,340,20
312,323,20
312,323,20
312,323,20
312,323,20
312,323,20
312,323,20
312,323,20
312,323,20
312,323,20
312,323,20
312,323,20
312,323,20
312,323,20
312,323,20
312,323,20
312,323,20
312,323,20
312,323,20
312,323,20
312,323,20
312,323,20
312,323,20
312,323,20
312,323,20
312,323,20
312,323,20
312,283,20
312,283,20
312,283,20
312,283,20
312,283,20
312,283,20
312,283,20
312,283,20
312,283,20
312,283,20
312,283,20
312,283,20
312,324,20
312,324,20
312,324,20
312,324,20
312,324,20
312,324,20
312,324,20
312,324,20
312,324,20
312,324,20
312,324,20
312,324,20
312,324,20
312,324,20
312,324,20
312,324,20
312,324,20
312,324,20
312,324,20
312,324,20
312,324,20
312,324,20
312,324,20
312,324,20
312,324,20
312,324,20
312,324,20
312,334,20
312,334,20
312,334,20
312,334,20
312,334,20
312,334,20
312,334,20
312,334,20
312,334,20
312,334,20
312,334,20
312,334,20
312,322,20
312,322,20
312,322,20
312,322,20
312,322,20
312,322,20
312,322,20
312,322,20
312,322,20
312,322,20
312,322,20
312,322,20
312,322,20
312,322,20
312,322,20
312,322,20
312,315,20
312,315,20
312,315,20
312,315,20
312,315,20
312,315,20
312,315,20
312,315,20
312,315,20
312,315,20
312,315,20
312,315,20
312,315,20
312,315,20
312,315,20
312,315,20
312,315,20
312,315,20
312,315,20
312,315,20
312,315,20
312,315,20
312,315,20
312,315,20
312,315,20
312,315,20
312,315,20
312,315,20
312,315,20
312,300,20
312,300,20
312,300,20
312,300,20
312,300,20
312,300,20
312,300,20
312,300,20
312,300,20
312,307,20
312,307,20
312,307,20
312,307,20
312,307,20
312,307,20
312,307,20
312,307,20
312,307,20
312,296,20
312,296,20
312,296,20
312,296,20
312,296,20
312,296,20
312,296,20
312,296,20
312,296,20
312,296,20
272,263,20
272,263,20
272,263,20
272,263,20
272,263,20
272,263,20
272,263,20
272,263,20
272,263,20
272,295,20
272,295,20
272,295,20
272,295,20
272,295,20
272,295,20
272,295,20
272,295,20
272,295,20
272,295,20
272,295,20
272,295,20
272,295,20
272,295,20
272,295,20
272,295,20
272,295,20
272,295,20
272,295,20
272,295,20
272,295,20
272,269,20
272,269,20
272,269,20
272,269,20
272,269,20
272,269,20
272,269,20
272,269,20
272,269,20
272,269,20
272,269,20
272,269,20
272,269,20
272,269,20
272,269,20
272,269,20
272,269,20
272,269,20
272,269,20
272,269,20
272,269,20
272,269,20
272,269,20
272,269,20
272,269,20
272,269,20
272,269,20
272,269,20
272,269,20
272,269,20
272,269,20
272,269,20
272,269,20
272,269,20
272,269,20
272,269,20
272,269,20
272,269,20
272,269,20
272,269,20
272,269,20
272,225,20
272,225,20
272,225,20
272,225,20
272,225,20
272,225,20
272,225,20
272,225,20
272,225,20
272,225,20
272,225,20
272,225,20
272,225,20
272,284,20
272,284,20
272,284,20
272,284,20
272,284,20
272,284,20
272,284,20
272,284,20
272,284,20
272,284,20
272,284,20
272,284,20
272,284,20
272,284,20
272,287,20
272,287,20
272,287,20
272,287,20
272,287,20
272,287,20
272,321,20
272,321,20
272,321,20
272,321,20
272,321,20
272,321,20
272,321,20
272,321,20
272,321,20
272,278,20
272,278,20
272,278,20
272,278,20
272,278,20
272,278,20
272,260,20
272,260,20
272,260,20
272,260,20
272,260,20
272,260,20
272,260,20
272,260,20
272,283,20
272,283,20
272,283,20
272,283,20
272,283,20
272,283,20
272,283,20
272,283,20
272,254,20
272,254,20
272,254,20
272,254,20
272,254,20
272,254,20
272,254,20
272,254,20
272,254,20
272,254,20
272,254,20
272,254,20
272,254,20
272,254,20
272,254,20
272,254,20
272,254,20
272,254,20
272,254,20
272,254,20
272,254,20
272,254,20
272,254,20
272,254,20
272,254,20
272,254,20
272,254,20
272,254,20
272,254,20
272,272,20
272,272,20
272,272,20
272,272,20
272,272,20
272,272,20
272,296,20
272,296,20
272,296,20
272,296,20
272,296,20
272,296,20
272,296,20
272,296,20
272,296,20
272,296,20
272,296,20
272,296,20
272,296,20
272,250,20
272,250,20
272,250,20
272,250,20
272,250,20
272,250,20
272,250,20
272,250,20
272,250,20
272,250,20
272,250,20
272,250,20
272,250,20
272,250,20
272,250,20
272,250,20
272,250,20
272,250,20
242,258,20
242,258,20
242,258,20
242,258,20
242,258,20
242,258,20
242,258,20
242,258,20
242,258,20
242,258,20
242,258,20
242,258,20
242,221,20
242,221,20
242,221,20
242,221,20
242,221,20
242,221,20
242,221,20
242,221,20
242,221,20
242,246,20
242,246,20
242,246,20
242,246,20
242,246,20
242,246,20
242,246,20
242,246,20
242,246,20
242,246,20
242,246,20
242,246,20
242,246,20
242,246,20
242,246,20
242,246,20
242,246,20
242,246,20
242,246,20
242,246,20
242,246,20
242,173,20
242,173,20
242,173,20
242,173,20
242,173,20
242,173,20
242,173,20
242,173,20
242,173,20
242,173,20
242,173,20
242,173,20
242,173,20
242,173,20
242,173,20
242,173,20
242,173,20
242,173,20
242,173,20
242,173,20
242,173,20
242,173,20
242,173,20
242,173,20
242,173,20
242,173,20
242,258,20
242,258,20
242,258,20
242,258,20
242,258,20
242,258,20
242,258,20
242,258,20
242,258,20
242,226,20
242,226,20
242,226,20
242,226,20
242,226,20
242,226,20
242,226,20
242,226,20
242,226,20
242,226,20
242,226,20
242,226,20
242,226,20
242,226,20
242,226,20
242,226,20
242,226,20
242,226,20
242,226,20
242,226,20
242,265,20
242,265,20
242,265,20
242,265,20
242,265,20
242,265,20
242,265,20
242,265,20
242,265,20
242,265,20
242,265,20
242,265,20
242,265,20
242,265,20
242,265,20
242,265,20
242,265,20
242,265,20
242,265,20
242,265,20
242,265,20
242,265,20
242,265,20
242,229,20
242,229,20
242,229,20
242,229,20
242,229,20
242,229,20
242,229,20
242,229,20
242,229,20
242,229,20
242,229,20
242,229,20
242,229,20
242,229,20
242,229,20
242,229,20
242,229,20
242,229,20
242,229,20
242,229,20
242,229,20
242,229,20
242,229,20
242,229,20
242,229,20
242,229,20
242,229,20
242,229,20
242,229,20
242,229,20
242,229,20
242,229,20
242,229,20
242,229,20
242,272,20
242,272,20
242,272,20
242,272,20
242,272,20
242,272,20
242,272,20
242,272,20
242,272,20
242,272,20
242,272,20
242,272,20
242,272,20
242,272,20
242,272,20
242,272,20
242,272,20
242,272,20
242,272,20
242,272,20
242,272,20
242,272,20
242,272,20
242,272,20
242,272,20
242,272,20
242,272,20
242,272,20
242,272,20
242,272,20
242,272,20
242,272,20
242,253,20
242,253,20
242,253,20
242,253,20
242,253,20
242,253,20
242,253,20
242,253,20
242,253,20
242,253,20
242,258,20
242,258,20
242,258,20
242,258,20
242,258,20
242,258,20
242,258,20
242,258,20
242,258,20
242,258,20
242,206,20
242,206,20
242,206,20
242,206,20
242,206,20
242,206,20
242,206,20
242,206,20
242,206,20
242,206,20
242,206,20
242,242,20
242,242,20
242,242,20
242,242,20
242,242,20
242,242,20
242,242,20
242,242,20
242,242,20
242,242,20
242,242,20
242,242,20
242,276,20
242,276,20
242,276,20
242,276,20
242,276,20
242,276,20
242,276,20
242,276,20
242,276,20
242,276,20
242,276,20
242,276,20
242,276,20
242,276,20
242,276,20
242,276,20
242,276,20
242,276,20
242,276,20
242,276,20
242,276,20
242,276,20
242,276,20
242,276,20
242,276,20
242,276,20
242,263,20
242,263,20
242,263,20
242,263,20
242,263,20
242,263,20
242,263,20
242,263,20
242,263,20
242,263,20
242,263,20
242,263,20
242,263,20
242,263,20
242,263,20
242,263,20
242,263,20
242,263,20
242,263,20
242,263,20
242,263,20
242,263,20
242,263,20
242,263,20
242,263,20
242,263,20
242,263,20
242,230,20
242,230,20
242,230,20
242,230,20
242,230,20
242,230,20
242,230,20
242,230,20
242,230,20
242,230,20
242,230,20
242,230,20
242,230,20
242,230,20
242,230,20
242,230,20
242,230,20
242,230,20
222,231,20
222,231,20
222,231,20
222,231,20
222,231,20
222,231,20
222,231,20
222,231,20
222,231,20
222,231,20
222,231,20
222,231,20
222,231,20
222,231,20
222,231,20
222,231,20
222,231,20
222,231,20
222,231,20
222,207,20
222,207,20
222,207,20
222,207,20
222,207,20
222,207,20
222,207,20
222,207,20
222,207,20
222,207,20
222,218,20
222,218,20
222,218,20
222,218,20
222,218,20
222,218,20
222,218,20
222,218,20
222,218,20
222,218,20
222,218,20
222,218,20
222,218,20
222,218,20
222,218,20
222,218,20
222,218,20
222,218,20
222,218,20
222,218,20
222,218,20
222,218,20
222,218,20
222,218,20
222,218,20
222,218,20
222,218,20
222,218,20
222,218,20
222,218,20
222,218,20
222,218,20
222,218,20
222,218,20
222,218,20
222,218,20
222,218,20
222,218,20
222,218,20
222,218,20
222,218,20
222,218,20
222,218,20
222,218,20
222,218,20
222,218,20
222,259,20
222,259,20
222,259,20
222,259,20
222,259,20
222,259,20
222,259,20
222,259,20
222,259,20
222,259,20
222,259,20
222,259,20
222,259,20
222,259,20
222,259,20
222,259,20
222,259,20
222,259,20
222,259,20
222,259,20
222,259,20
222,259,20
222,259,20
222,259,20
222,259,20
222,259,20
222,259,20
222,259,20
222,259,20
222,259,20
222,259,20
222,259,20
222,259,20
222,259,20
222,259,20
222,259,20
222,259,20
222,259,20
222,259,20
222,259,20
222,259,20
222,259,20
222,193,20
222,193,20
222,193,20
222,193,20
222,193,20
222,193,20
222,193,20
222,193,20
222,193,20
222,193,20
222,193,20
222,193,20
222,193,20
222,193,20
222,193,20
222,246,20
222,246,20
222,246,20
222,246,20
222,246,20
222,246,20
222,246,20
222,246,20
222,246,20
222,246,20
222,246,20
222,246,20
222,246,20
222,246,20
222,246,20
222,246,20
222,246,20
222,246,20
262,236,20
262,236,20
262,236,20
262,236,20
262,236,20
262,236,20
262,236,20
262,236,20
262,236,20
262,236,20
262,236,20
262,236,20
262,236,20
262,236,20
262,236,20
262,236,20
262,236,20
262,236,20
262,236,20
262,236,20
262,236,20
262,272,20
262,272,20
262,272,20
262,272,20
262,272,20
262,272,20
262,272,20
262,272,20
262,272,20
262,272,20
262,272,20
262,272,20
262,272,20
262,272,20
262,272,20
262,272,20
262,272,20
262,272,20
262,272,20
262,272,20
262,272,20
262,272,20
262,272,20
262,259,20
262,259,20
262,259,20
262,259,20
262,259,20
262,259,20
262,259,20
262,259,20
262,259,20
262,259,20
262,259,20
262,259,20
262,259,20
262,259,20
262,259,20
262,259,20
262,258,20
262,258,20
262,258,20
262,258,20
262,258,20
262,258,20
262,258,20
262,258,20
262,258,20
262,275,20
262,275,20
262,275,20
262,275,20
262,275,20
262,275,20
262,275,20
262,275,20
262,275,20
262,275,20
262,275,20
262,275,20
262,275,20
262,275,20
262,275,20
262,275,20
262,275,20
262,275,20
262,275,20
262,275,20
262,275,20
262,275,20
262,275,20
262,275,20
262,275,20
262,275,20
262,275,20
262,275,20
262,275,20
262,275,20
262,275,20
262,275,20
262,275,20
262,245,20
262,245,20
262,245,20
262,245,20
262,245,20
262,245,20
262,245,20
262,245,20
262,245,20
262,245,20
262,245,20
262,245,20
262,245,20
262,245,20
262,245,20
262,245,20
262,245,20
262,245,20
262,245,20
262,245,20
262,245,20
262,245,20
262,245,20
262,245,20
262,245,20
262,245,20
262,245,20
262,245,20
262,245,20
262,245,20
262,245,20
262,245,20
262,245,20
302,291,20
302,291,20
302,291,20
302,291,20
302,291,20
302,291,20
302,291,20
302,291,20
302,291,20
302,291,20
302,291,20
302,291,20
302,303,20
302,303,20
302,303,20
302,303,20
302,303,20
302,303,20
302,303,20
302,303,20
302,303,20
302,303,20
302,303,20
302,303,20
302,303,20
302,303,20
302,303,20
302,303,20
302,303,20
302,303,20
302,303,20
302,303,20
302,303,20
302,303,20
302,303,20
302,303,20
302,303,20
302,303,20
302,303,20
302,303,20
302,303,20
302,303,20
302,303,20
302,303,20
302,303,20
302,303,20
302,303,20
302,303,20
302,303,20
302,303,20
302,303,20
302,303,20
302,279,20
302,279,20
302,279,20
302,279,20
302,279,20
302,279,20
302,279,20
302,266,20
302,266,20
302,266,20
302,266,20
302,266,20
302,266,20
302,266,20
302,266,20
302,266,20
302,312,20
302,312,20
302,312,20
302,312,20
302,312,20
302,312,20
302,312,20
302,312,20
302,333,20
302,333,20
302,333,20
302,333,20
302,333,20
302,333,20
302,333,20
302,333,20
302,333,20
302,333,20
302,333,20
302,333,20
302,333,20
302,333,20
302,333,20
302,333,20
302,333,20
302,333,20
302,333,20
302,333,20
302,333,20
302,333,20
302,333,20
302,333,20
302,333,20
302,333,20
302,333,20
302,333,20
302,333,20
302,333,20
302,333,20
302,333,20
302,333,20
302,333,20
302,333,20
302,333,20
302,333,20
302,333,20
302,333,20
302,333,20
302,333,20
302,333,20
302,333,20
302,333,20
302,333,20
302,333,20
302,333,20
302,333,20
302,333,20
302,333,20
302,333,20
302,305,20
302,305,20
302,305,20
302,305,20
302,305,20
302,305,20
302,305,20
302,305,20
302,305,20
302,305,20
302,305,20
302,305,20
302,305,20
302,305,20
302,305,20
302,305,20
302,305,20
302,305,20
302,305,20
302,305,20
302,305,20
302,305,20
302,305,20
302,305,20
302,305,20
302,305,20
302,305,20
302,305,20
302,305,20
302,305,20
302,305,20
302,305,20
302,305,20
302,305,20
302,305,20
302,305,20
302,305,20
302,305,20
302,305,20
302,305,20
302,305,20
302,305,20
302,305,20
302,305,20
302,305,20
302,305,20
302,305,20
302,305,20
302,305,20
302,305,20
302,305,20
302,329,20
302,329,20
302,329,20
302,329,20
302,329,20
302,329,20
302,329,20
302,329,20
302,329,20
302,287,20
302,287,20
302,287,20
302,287,20
302,287,20
302,287,20
302,287,20
302,287,20
302,287,20
302,283,20
302,283,20
302,283,20
302,283,20
302,283,20
302,283,20
302,283,20
302,283,20
302,283,20
302,283,20
302,283,20
302,283,20
302,283,20
302,284,20
302,284,20
302,284,20
302,284,20
302,284,20
302,284,20
302,284,20
302,284,20
302,284,20
302,284,20
302,284,20
302,284,20
302,284,20
302,284,20
302,284,20
302,284,20
302,284,20
302,284,20
302,284,20
302,284,20
302,284,20
302,284,20
302,284,20
302,284,20
302,284,20
302,284,20
302,284,20
302,284,20
302,284,20
302,284,20
302,284,20
302,284,20
302,284,20
302,284,20
302,284,20
302,284,20
302,284,20
302,284,20
302,284,20
302,284,20
302,284,20
302,284,20
302,284,20
302,284,20
302,284,20
302,284,20
302,284,20
302,284,20
302,284,20
302,284,20
302,284,20
302,284,20
302,284,20
302,284,20
302,284,20
302,284,20
302,284,20
302,289,20
302,289,20
302,289,20
302,289,20
302,289,20
302,289,20
302,289,20
302,289,20
342,342,20
342,342,20
342,342,20
342,342,20
342,342,20
342,342,20
342,342,20
342,342,20
342,342,20
342,342,20
342,342,20
342,342,20
342,342,20
342,342,20
342,342,20
342,342,20
342,342,20
342,296,20
342,296,20
342,296,20
342,296,20
342,296,20
342,296,20
342,296,20
342,296,20
342,296,20
342,296,20
342,296,20
342,296,20
342,296,20
342,296,20
342,296,20
342,296,20
342,296,20
342,296,20
342,296,20
342,296,20
342,296,20
342,296,20
342,296,20
342,296,20
342,296,20
342,296,20
342,296,20
342,296,20
342,296,20
342,296,20
342,296,20
342,340,20
342,340,20
342,340,20
342,340,20
342,340,20
342,340,20
342,340,20
342,340,20
342,340,20
342,340,20
342,340,20
342,340,20
342,340,20
342,340,20
342,340,20
342,340,20
342,340,20
342,340,20
342,340,20
342,340,20
342,0,20
342,0,20
342,0,20
342,0,20
342,0,20
342,0,20
342,0,20
342,0,20
342,0,20
342,0,20
342,0,20
342,0,20
342,0,20
342,0,20
342,0,20
342,0,20
342,0,20
342,0,20
342,0,20
342,0,20
342,0,20
342,0,20
342,0,20
342,0,20
342,0,20
342,0,20
342,0,20
342,0,20
342,0,20
342,0,20
342,0,20
342,0,20
342,0,20
342,0,20
342,0,20
342,0,20
342,0,20
342,335,20
342,335,20
342,335,20
342,335,20
342,335,20
342,335,20
342,335,20
342,335,20
342,335,20
342,335,20
342,335,20
342,335,20
342,335,20
342,335,20
342,335,20
342,335,20
342,335,20
342,335,20
342,335,20
342,335,20
342,335,20
342,335,20
342,335,20
342,335,20
342,335,20
342,335,20
342,335,20
342,335,20
342,335,20
342,335,20
342,335,20
342,335,20
342,335,20
342,335,20
342,335,20
342,335,20
342,335,20
342,315,20
342,315,20
342,315,20
342,315,20
342,315,20
342,315,20
342,315,20
342,315,20
342,315,20
342,315,20
342,315,20
342,315,20
342,315,20
342,315,20
342,315,20
342,315,20
342,349,20
342,349,20
342,349,20
342,349,20
342,349,20
342,349,20
342,349,20
342,349,20
342,333,20
342,333,20
342,333,20
342,333,20
342,333,20
342,333,20
342,333,20
342,333,20
342,333,20
342,333,20
342,333,20
342,333,20
342,333,20
342,333,20
342,333,20
342,333,20
342,333,20
342,333,20
342,333,20
342,333,20
342,333,20
342,333,20
342,333,20
342,333,20
342,333,20
342,333,20
342,333,20
342,333,20
342,333,20
342,333,20
342,333,20
342,333,20
342,333,20
342,355,20
342,355,20
342,355,20
342,355,20
342,355,20
342,355,20
342,355,20
342,355,20
342,355,20
342,355,20
342,355,20
342,355,20
342,355,20
342,355,20
342,355,20
342,355,20
342,355,20
342,355,20
342,355,20
342,355,20
342,355,20
342,355,20
342,355,20
342,304,20
342,304,20
342,304,20
342,304,20
342,304,20
342,304,20
342,304,20
342,304,20
342,304,20
